{"lowTempLimit": 29.0, "highTempLimit": 80.0, "tempCount": 5, "tempOverTime": [32.0, 32.0, 32.0, 32.0, 32.0], "timeElapse": [0.00043392181396484375, 5.966833114624023, 8.80576205253601, 30.33059310913086, 33.50158500671387]}