{"low_tempLimit": 29.0, "high_tempLimit": 80.0, "tempCount": 82, "tempOverTime": [67.55, 67.55, 67.1, 67.55, 67.55, 67.55, 67.55, 67.55, 67.55, 67.55, 67.1, 67.55, 67.55, 67.55, 67.55, 67.55, 67.55, 67.55, 67.1, 67.55, 67.55, 67.55, 67.55, 67.55, 67.55, 67.55, 67.55, 67.1, 67.55, 67.55, 67.55, 67.55, 67.55, 67.1, 67.1, 67.55, 67.55, 67.1, 67.55, 67.55, 67.55, 67.55, 67.55, 67.1, 67.55, 67.1, 67.55, 67.55, 67.55, 67.55, 67.55, 67.55, 67.55, 67.55, 67.55, 67.55, 67.55, 67.55, 67.55, 67.1, 67.55, 67.55, 67.55, 67.55, 67.55, 67.55, 67.55, 67.55, 67.55, 67.55, 67.55, 67.55, 67.55, 67.55, 67.55, 67.55, 67.55, 67.55, 67.1, 67.1, 67.55, 67.55], "timeElapse": [0.00016880035400390625, 2.303785800933838, 5.344537734985352, 8.416954755783081, 11.387003898620605, 14.458573818206787, 17.42215871810913, 20.500719785690308, 23.472654819488525, 26.54225993156433, 29.611716747283936, 32.584303855895996, 35.65629172325134, 38.625478744506836, 41.69811272621155, 44.644269704818726, 47.7408766746521, 50.70936679840088, 53.78138780593872, 56.75166893005371, 59.823999881744385, 62.79315686225891, 65.81828284263611, 68.93544173240662, 71.90707778930664, 74.98090767860413, 77.92025661468506, 81.02128267288208, 83.99123191833496, 86.99418663978577, 90.02364683151245, 93.10564875602722, 96.06595468521118, 99.09223580360413, 102.11903381347656, 105.18865990638733, 108.1684799194336, 111.23209381103516, 114.26538681983948, 117.27180290222168, 120.34468078613281, 123.29442167282104, 126.38656067848206, 129.35586380958557, 132.42873072624207, 135.39790678024292, 138.41814279556274, 141.5418245792389, 144.51200795173645, 147.58394861221313, 150.55384874343872, 153.5422236919403, 156.57034397125244, 159.59358167648315, 162.63730001449585, 165.70669794082642, 168.67918968200684, 171.69132590293884, 174.72200870513916, 177.79511785507202, 180.76810693740845, 183.83577489852905, 186.90720176696777, 189.8777768611908, 192.86865878105164, 195.91892886161804, 198.91541290283203, 201.94767379760742, 204.966787815094, 208.00300860404968, 211.0745677947998, 214.04447078704834, 217.11649370193481, 220.0913028717041, 223.15897488594055, 226.23148679733276, 229.20030069351196, 232.1914768218994, 235.240229845047, 238.23917174339294, 241.28637790679932, 244.29058575630188]}