{"lowTempLimit": 29.0, "highTempLimit": 80.0, "tempCount": 35, "tempOverTime": [50.9, 51.35, 51.35, 51.35, 50.9, 50.9, 50.9, 50.9, 50.9, 51.35, 51.35, 50.9, 50.9, 51.35, 51.35, 51.35, 50.9, 50.9, 51.35, 50.9, 51.35, 51.35, 50.9, 51.35, 50.9, 51.35, 50.9, 50.9, 50.9, 50.9, 51.35, 51.35, 50.9, 50.9, 50.9], "timeElapse": [0.00033783912658691406, 2.4076690673828125, 5.48171591758728, 8.56527590751648, 11.66954493522644, 14.830740928649902, 17.879631996154785, 21.00718379020691, 24.094647884368896, 27.200482845306396, 30.30184292793274, 33.40659999847412, 36.5440468788147, 39.63776898384094, 42.71844983100891, 45.83090901374817, 48.93635582923889, 52.045103788375854, 55.151939868927, 58.25568699836731, 61.416802167892456, 64.44865298271179, 67.56110191345215, 70.75312805175781, 73.82308101654053, 76.87603902816772, 80.02820301055908, 83.13636517524719, 86.18443989753723, 89.38287115097046, 92.45554375648499, 95.52794814109802, 98.6947169303894, 101.72529101371765, 104.84369492530823]}