{"low_tempLimit": 29.0, "high_tempLimit": 80.0, "tempCount": 230, "tempOverTime": [68.0, 68.0, 67.55, 68.0, 68.0, 68.0, 68.0, 68.0, 68.0, 68.0, 68.0, 68.0, 68.0, 68.0, 68.0, 68.0, 68.0, 68.0, 68.0, 68.0, 67.55, 67.55, 68.0, 68.0, 67.55, 68.0, 68.0, 67.55, 67.55, 68.0, 68.0, 67.55, 67.55, 68.0, 68.0, 67.55, 67.55, 67.55, 67.55, 67.55, 67.55, 67.55, 67.55, 68.0, 67.55, 67.55, 67.55, 67.55, 67.55, 67.55, 67.55, 67.55, 67.55, 67.55, 67.55, 67.55, 67.55, 67.55, 67.55, 67.55, 67.55, 67.55, 67.55, 67.55, 67.55, 68.0, 67.55, 67.55, 67.55, 67.55, 67.55, 67.55, 68.0, 67.55, 67.55, 68.0, 67.55, 67.55, 67.55, 67.55, 67.55, 68.0, 67.55, 68.0, 67.55, 67.55, 68.0, 67.55, 67.55, 67.55, 67.55, 67.55, 67.55, 67.55, 68.0, 67.55, 67.55, 67.55, 68.0, 67.55, 67.55, 68.0, 67.55, 68.0, 67.55, 68.0, 67.55, 67.55, 67.55, 67.55, 67.55, 68.0, 68.0, 68.0, 68.0, 67.55, 67.55, 67.55, 68.0, 68.0, 67.55, 68.0, 67.55, 67.55, 67.55, 67.55, 67.55, 67.55, 67.55, 67.55, 67.55, 67.55, 67.55, 67.55, 67.55, 67.55, 67.55, 67.55, 67.55, 67.55, 67.55, 67.55, 67.55, 67.55, 67.55, 67.55, 67.55, 67.55, 67.55, 67.55, 67.55, 67.55, 67.55, 67.55, 67.55, 67.55, 67.55, 67.55, 67.55, 67.55, 67.55, 67.55, 67.55, 67.55, 67.55, 67.55, 67.55, 67.55, 67.55, 67.55, 67.55, 67.55, 67.55, 67.55, 67.55, 67.55, 67.55, 67.55, 67.55, 67.55, 67.55, 67.55, 67.55, 67.55, 67.55, 67.55, 67.55, 67.55, 67.55, 67.55, 67.55, 67.55, 67.55, 67.55, 67.55, 67.55, 67.55, 67.55, 67.55, 67.55, 67.55, 67.55, 67.55, 67.55, 67.55, 67.55, 67.55, 67.55, 67.55, 67.55, 67.55, 67.55, 67.55, 67.55, 67.55, 67.55, 67.55, 67.55, 67.55, 67.55, 67.55, 67.55, 67.55, 67.55, 67.55, 67.55, 67.55, 67.55, 67.55, 68.0], "timeElapse": [0.00019884109497070312, 2.6197807788848877, 5.692767858505249, 8.744049787521362, 11.834031105041504, 14.940558671951294, 18.08385396003723, 21.1556658744812, 24.253946781158447, 27.402312994003296, 30.46389603614807, 33.56998085975647, 36.71802806854248, 39.77996277809143, 42.88674998283386, 45.99290084838867, 49.10985803604126, 52.28643202781677, 55.30892586708069, 58.430809020996094, 61.60582709312439, 64.67533993721008, 67.72274875640869, 70.832772731781, 73.9373197555542, 77.05274081230164, 80.1485869884491, 83.25447988510132, 86.36122012138367, 89.56194186210632, 92.63418579101562, 95.70745086669922, 98.88054490089417, 101.88260698318481, 105.02499389648438, 108.09804010391235, 111.19685077667236, 114.30336308479309, 117.4166898727417, 120.5123450756073, 123.66295909881592, 126.73447871208191, 129.90929102897644, 132.9315960407257, 136.05357694625854, 139.23368501663208, 142.24277591705322, 145.35058093070984, 148.51197791099548, 151.61902284622192, 154.66367292404175, 157.8658628463745, 160.93785285949707, 164.01039791107178, 167.08204579353333, 170.2594199180603, 173.2864487171173, 176.40201997756958, 179.4967348575592, 182.60267281532288, 185.71952986717224, 188.85195112228394, 191.91736602783203, 195.02349376678467, 198.21323490142822, 201.2324779033661, 204.35771083831787, 207.53308010101318, 210.6050319671631, 213.6780149936676, 216.75288796424866, 219.8693118095398, 222.99516105651855, 226.0656008720398, 229.17230582237244, 232.31169891357422, 235.38283491134644, 238.56059169769287, 241.63372993469238, 244.70522594451904, 247.8805387020111, 250.95355892181396, 254.02465772628784, 257.1085638999939, 260.27021193504333, 263.31863594055176, 266.5082380771637, 269.5265328884125, 272.6625249385834, 275.73741388320923, 278.8452579975128, 281.9510729312897, 285.1560089588165, 288.16168189048767, 291.2676737308502, 294.3722491264343, 297.545786857605, 300.6182198524475, 303.68990778923035, 306.86470198631287, 309.8910348415375, 313.00596499443054, 316.0988538265228, 319.2556619644165, 322.3280928134918, 325.5029058456421, 328.51601576805115, 331.62286472320557, 334.8209128379822, 337.893492937088, 340.965833902359, 344.03947496414185, 347.20883297920227, 350.24936985969543, 353.35593700408936, 356.46284580230713, 359.60366106033325, 362.6763229370117, 365.85312390327454, 368.9234209060669, 371.98308873176575, 375.16931772232056, 378.2419419288635, 381.31332778930664, 384.4888958930969, 387.504665851593, 390.6123089790344, 393.8072319030762, 396.8197569847107, 399.9523708820343, 403.0308208465576, 406.19924688339233, 409.24147605895996, 412.44541597366333, 415.51776790618896, 418.5897469520569, 421.7648220062256, 424.836220741272, 427.90858793258667, 430.96639585494995, 434.07390999794006, 437.22732377052307, 440.2999439239502, 443.475056886673, 446.54758381843567, 449.62076592445374, 452.79388785362244, 455.86556005477905, 458.93987679481506, 462.0103108882904, 465.18516874313354, 468.2565040588379, 471.31665778160095, 474.5028200149536, 477.52586007118225, 480.6483008861542, 483.7353849411011, 486.8427839279175, 489.96584391593933, 493.14106488227844, 496.2128758430481, 499.28552293777466, 502.36585807800293, 505.4706678390503, 508.60513401031494, 511.68018984794617, 514.7879979610443, 517.8946177959442, 521.0976088047028, 524.1036098003387, 527.2107598781586, 530.3143527507782, 533.4885387420654, 536.5262248516083, 539.6336760520935, 542.8069849014282, 545.8617079257965, 548.9482607841492, 552.0540630817413, 555.1577658653259, 558.2609069347382, 561.3689999580383, 564.5177569389343, 567.5858519077301, 570.7647559642792, 573.837080001831, 576.9111938476562, 580.0830509662628, 583.1549198627472, 586.2020199298859, 589.4012458324432, 592.4088449478149, 595.5459430217743, 598.6167957782745, 601.7901890277863, 604.8243980407715, 607.9387760162354, 611.1083538532257, 614.1819667816162, 617.2555027008057, 620.4301910400391, 623.502198934555, 626.5508799552917, 629.749273777008, 632.7612919807434, 635.8911938667297, 638.9715588092804, 642.1394689083099, 645.2118210792542, 648.2833619117737, 651.3882749080658, 654.5305850505829, 657.6024198532104, 660.7770788669586, 663.8132810592651, 666.9089398384094, 670.0975458621979, 673.1167569160461, 676.2249889373779, 679.4150319099426, 682.433180809021, 685.5603530406952, 688.7339870929718, 691.806478023529, 694.8787319660187, 697.9532647132874, 701.1245288848877, 704.1967108249664, 707.2660090923309, 710.4452857971191]}